{
  "surface_y_m": 0.07619999989999997,
  "base_bottom_y_m": -0.07620000010000001,
  "rod_tip_y_m": 0.6604000001,
  "object_mass_lb": 25.0,
  "object_mass_kg": 11.33980925,
  "pull_height_in": 17.5,
  "pull_angle_deg": 0.0,
  "base_size_in": [
    2.2280000078740168,
    6.000000007874017,
    2.2280000078740168
  ],
  "particle_count": 215,
  "soil_bottom": -0.1397000001,
  "soil_half_x": 0.15529560010000001,
  "soil_half_z": 0.15529560010000001,
  "soil_height": 0.21589999999999998
}