{
  "pull_distance_in": 0.5,
  "pull_speed_in_per_s": 1.0,
  "peak_force_lbf": 217.97452025451724,
  "peak_force_n": 969.5989725709326,
  "anchor_mass_kg": 4.625970470194321,
  "fully_extracted_at_s": 0.05416666666666667
}